{"cameraMode":{"drawMode":0,"name":"Shaded","section":"Shading Mode"},"sceneLighting":true,"audioPlay":false,"sceneViewState":{"showFog":true,"showMaterialUpdate":false,"showSkybox":true,"showFlares":true,"showImageEffects":true,"showParticleSystems":true},"in2DMode":false,"pivot":{"x":159.66981506347657,"y":6.452278137207031,"z":57.48094177246094},"rotation":{"x":0.42381614446640017,"y":0.09750504046678543,"z":-0.04595094546675682,"w":0.8993117213249207},"size":16.902851104736329,"orthographic":false}