{"cameraMode":{"drawMode":0,"name":"Shaded","section":"Shading Mode"},"sceneLighting":false,"audioPlay":false,"sceneViewState":{"showFog":true,"showMaterialUpdate":false,"showSkybox":true,"showFlares":true,"showImageEffects":true,"showParticleSystems":true},"in2DMode":false,"pivot":{"x":68.88871002197266,"y":15.038261413574219,"z":38.74236297607422},"rotation":{"x":0.36427491903305056,"y":0.01396861206740141,"z":-0.005464534275233746,"w":0.9311707615852356},"size":47.93119430541992,"orthographic":false}