{"cameraMode":{"drawMode":0,"name":"Shaded","section":"Shading Mode"},"sceneLighting":false,"audioPlay":false,"sceneViewState":{"showFog":true,"showMaterialUpdate":true,"showSkybox":true,"showFlares":true,"showImageEffects":true,"showParticleSystems":true},"in2DMode":false,"pivot":{"x":-20.02056884765625,"y":0.93231201171875,"z":55.517822265625},"rotation":{"x":0.02097182534635067,"y":-0.0503658652305603,"z":0.0010578350629657508,"w":0.9985105395317078},"size":1.6288175582885743,"orthographic":true}