{"cameraMode":{"drawMode":0,"name":"Shaded","section":"Shading Mode"},"sceneLighting":false,"audioPlay":false,"sceneViewState":{"showFog":true,"showMaterialUpdate":true,"showSkybox":true,"showFlares":true,"showImageEffects":true,"showParticleSystems":true},"in2DMode":false,"pivot":{"x":-20.62158203125,"y":3.54010009765625,"z":52.88427734375},"rotation":{"x":0.06407559663057327,"y":-0.4534003734588623,"z":0.03270135074853897,"w":0.8883998394012451},"size":2.186939001083374,"orthographic":true}