{"cameraMode":{"drawMode":0,"name":"Shaded","section":"Shading Mode"},"sceneLighting":true,"audioPlay":true,"sceneViewState":{"showFog":true,"showMaterialUpdate":false,"showSkybox":true,"showFlares":true,"showImageEffects":true,"showParticleSystems":true},"in2DMode":false,"pivot":{"x":106.52452087402344,"y":15.917510986328125,"z":89.8207778930664},"rotation":{"x":0.13488267362117768,"y":0.8641052842140198,"z":-0.31965020298957827,"w":0.36462607979774477},"size":228.796875,"orthographic":false}