{"cameraMode":{"drawMode":0,"name":"Shaded","section":"Shading Mode"},"sceneLighting":true,"audioPlay":false,"sceneViewState":{"showFog":true,"showMaterialUpdate":false,"showSkybox":true,"showFlares":true,"showImageEffects":true,"showParticleSystems":true},"in2DMode":false,"pivot":{"x":166.51025390625,"y":-1.6572265625,"z":42.4287109375},"rotation":{"x":0.2572985291481018,"y":-0.03477886691689491,"z":0.00926676020026207,"w":0.9656618237495422},"size":5.816113471984863,"orthographic":true}