{"cameraMode":{"drawMode":0,"name":"Shaded","section":"Shading Mode"},"sceneLighting":true,"audioPlay":false,"sceneViewState":{"showFog":true,"showMaterialUpdate":false,"showSkybox":true,"showFlares":true,"showImageEffects":true,"showParticleSystems":true},"in2DMode":false,"pivot":{"x":7.818023681640625,"y":-0.4364948272705078,"z":23.996383666992189},"rotation":{"x":0.011482471600174904,"y":0.9879230260848999,"z":-0.12514126300811768,"w":0.09064807742834091},"size":112.73304748535156,"orthographic":true}